"","Negotiation.phase","index","negative","positive","sentiment","last.Year"
"1","BBNJ WG","71",1,1,0,2015
"2","BBNJ WG","72",0,1,1,2015
"3","BBNJ WG","75",0,1,1,2015
"4","BBNJ WG","77",0,1,1,2015
"5","BBNJ WG","78",0,1,1,2015
"6","BBNJ WG","79",0,1,1,2015
"7","BBNJ WG","80",0,1,1,2015
"8","BBNJ WG","146",1,0,-1,2015
"9","BBNJ WG","148",0,1,1,2015
"10","BBNJ WG","150",0,2,2,2015
"11","BBNJ WG","151",0,2,2,2015
"12","BBNJ WG","152",0,2,2,2015
"13","BBNJ WG","153",1,0,-1,2015
"14","BBNJ WG","154",2,3,1,2015
"15","BBNJ WG","216",0,1,1,2015
"16","BBNJ WG","218",1,0,-1,2015
"17","BBNJ WG","220",0,3,3,2015
"18","BBNJ WG","221",0,1,1,2015
"19","BBNJ WG","222",0,1,1,2015
"20","BBNJ WG","223",1,0,-1,2015
"21","BBNJ WG","225",0,2,2,2015
"22","BBNJ WG","226",1,0,-1,2015
"23","BBNJ WG","273",0,1,1,2015
"24","BBNJ WG","274",1,0,-1,2015
"25","BBNJ WG","275",0,2,2,2015
"26","BBNJ WG","277",0,1,1,2015
"27","BBNJ WG","278",0,1,1,2015
"28","BBNJ WG","279",0,2,2,2015
"29","BBNJ WG","280",2,0,-2,2015
"30","BBNJ WG","321",1,0,-1,2015
"31","BBNJ WG","323",0,1,1,2015
"32","BBNJ WG","325",0,3,3,2015
"33","BBNJ WG","326",1,1,0,2015
"34","BBNJ WG","360",0,1,1,2015
"35","BBNJ WG","364",0,1,1,2015
"36","BBNJ WG","365",0,1,1,2015
"37","BBNJ WG","366",2,0,-2,2015
"38","BBNJ WG","397",0,1,1,2015
"39","BBNJ WG","398",0,2,2,2015
"40","BBNJ WG","399",0,2,2,2015
"41","BBNJ WG","401",2,1,-1,2015
"42","BBNJ WG","402",0,2,2,2015
"43","BBNJ WG","430",0,1,1,2015
"44","BBNJ WG","431",0,1,1,2015
"45","BBNJ WG","432",0,3,3,2015
"46","BBNJ WG","433",0,1,1,2015
"47","BBNJ WG","434",0,5,5,2015
"48","BBNJ WG","455",0,1,1,2015
"49","BBNJ WG","457",0,1,1,2015
"50","BBNJ WG","458",0,1,1,2015
"51","BBNJ WG","480",1,0,-1,2015
"52","BBNJ WG","515",1,0,-1,2015
"53","BBNJ WG","516",0,2,2,2015
"54","BBNJ WG","517",0,1,1,2015
"55","BBNJ WG","529",0,1,1,2015
"56","BBNJ WG","553",0,1,1,2015
"57","BBNJ WG","567",0,1,1,2015
"58","BBNJ WG","571",2,1,-1,2015
"59","BBNJ WG","575",2,1,-1,2015
"60","BBNJ WG","582",1,0,-1,2015
"61","BBNJ WG","588",1,0,-1,2015
"62","PrepCom","42",0,1,1,2018
"63","PrepCom","43",2,2,0,2018
"64","PrepCom","45",0,1,1,2018
"65","PrepCom","46",1,1,0,2018
"66","PrepCom","48",0,1,1,2018
"67","PrepCom","50",1,1,0,2018
"68","PrepCom","53",1,0,-1,2018
"69","PrepCom","54",1,1,0,2018
"70","PrepCom","55",0,2,2,2018
"71","PrepCom","56",0,1,1,2018
"72","PrepCom","62",0,1,1,2018
"73","PrepCom","63",2,0,-2,2018
"74","PrepCom","64",0,1,1,2018
"75","PrepCom","65",0,1,1,2018
"76","PrepCom","67",0,2,2,2018
"77","PrepCom","119",0,1,1,2018
"78","PrepCom","122",0,1,1,2018
"79","PrepCom","124",1,0,-1,2018
"80","PrepCom","127",0,2,2,2018
"81","PrepCom","130",2,1,-1,2018
"82","PrepCom","132",1,0,-1,2018
"83","PrepCom","133",0,1,1,2018
"84","PrepCom","135",2,0,-2,2018
"85","PrepCom","137",0,1,1,2018
"86","PrepCom","138",0,1,1,2018
"87","PrepCom","139",0,5,5,2018
"88","PrepCom","140",0,1,1,2018
"89","PrepCom","142",0,1,1,2018
"90","PrepCom","143",0,1,1,2018
"91","PrepCom","144",1,0,-1,2018
"92","PrepCom","191",0,2,2,2018
"93","PrepCom","193",0,1,1,2018
"94","PrepCom","194",0,1,1,2018
"95","PrepCom","195",0,1,1,2018
"96","PrepCom","196",1,0,-1,2018
"97","PrepCom","197",1,1,0,2018
"98","PrepCom","199",1,1,0,2018
"99","PrepCom","200",2,0,-2,2018
"100","PrepCom","201",0,2,2,2018
"101","PrepCom","204",2,0,-2,2018
"102","PrepCom","205",0,2,2,2018
"103","PrepCom","206",0,2,2,2018
"104","PrepCom","207",0,1,1,2018
"105","PrepCom","208",0,2,2,2018
"106","PrepCom","210",0,1,1,2018
"107","PrepCom","211",2,0,-2,2018
"108","PrepCom","213",0,1,1,2018
"109","PrepCom","214",1,0,-1,2018
"110","PrepCom","215",1,1,0,2018
"111","PrepCom","253",0,1,1,2018
"112","PrepCom","254",0,1,1,2018
"113","PrepCom","255",0,1,1,2018
"114","PrepCom","256",0,1,1,2018
"115","PrepCom","259",0,2,2,2018
"116","PrepCom","262",0,1,1,2018
"117","PrepCom","263",0,1,1,2018
"118","PrepCom","268",1,1,0,2018
"119","PrepCom","270",1,1,0,2018
"120","PrepCom","271",0,1,1,2018
"121","PrepCom","272",2,1,-1,2018
"122","PrepCom","301",0,1,1,2018
"123","PrepCom","302",1,1,0,2018
"124","PrepCom","304",0,2,2,2018
"125","PrepCom","305",1,1,0,2018
"126","PrepCom","307",0,1,1,2018
"127","PrepCom","314",1,0,-1,2018
"128","PrepCom","316",0,1,1,2018
"129","PrepCom","317",0,1,1,2018
"130","PrepCom","318",0,2,2,2018
"131","PrepCom","345",1,0,-1,2018
"132","PrepCom","346",1,1,0,2018
"133","PrepCom","347",2,0,-2,2018
"134","PrepCom","348",0,1,1,2018
"135","PrepCom","349",0,1,1,2018
"136","PrepCom","351",1,1,0,2018
"137","PrepCom","353",0,2,2,2018
"138","PrepCom","355",0,1,1,2018
"139","PrepCom","359",0,2,2,2018
"140","PrepCom","383",1,0,-1,2018
"141","PrepCom","384",1,1,0,2018
"142","PrepCom","385",0,2,2,2018
"143","PrepCom","386",1,0,-1,2018
"144","PrepCom","387",1,1,0,2018
"145","PrepCom","391",1,1,0,2018
"146","PrepCom","393",0,2,2,2018
"147","PrepCom","394",0,1,1,2018
"148","PrepCom","395",0,1,1,2018
"149","PrepCom","396",1,0,-1,2018
"150","PrepCom","416",1,1,0,2018
"151","PrepCom","417",0,1,1,2018
"152","PrepCom","419",2,0,-2,2018
"153","PrepCom","420",0,3,3,2018
"154","PrepCom","423",0,2,2,2018
"155","PrepCom","426",1,0,-1,2018
"156","PrepCom","427",0,1,1,2018
"157","PrepCom","444",0,2,2,2018
"158","PrepCom","445",1,0,-1,2018
"159","PrepCom","446",0,1,1,2018
"160","PrepCom","448",0,1,1,2018
"161","PrepCom","449",0,2,2,2018
"162","PrepCom","450",0,1,1,2018
"163","PrepCom","451",0,1,1,2018
"164","PrepCom","452",0,1,1,2018
"165","PrepCom","453",0,1,1,2018
"166","PrepCom","468",1,1,0,2018
"167","PrepCom","469",2,1,-1,2018
"168","PrepCom","470",0,1,1,2018
"169","PrepCom","471",1,0,-1,2018
"170","PrepCom","473",1,1,0,2018
"171","PrepCom","474",1,0,-1,2018
"172","PrepCom","476",0,1,1,2018
"173","PrepCom","491",1,0,-1,2018
"174","PrepCom","492",2,0,-2,2018
"175","PrepCom","496",0,3,3,2018
"176","PrepCom","506",0,2,2,2018
"177","PrepCom","507",1,0,-1,2018
"178","PrepCom","508",1,0,-1,2018
"179","PrepCom","513",0,1,1,2018
"180","PrepCom","514",2,1,-1,2018
"181","PrepCom","522",0,1,1,2018
"182","PrepCom","524",0,1,1,2018
"183","PrepCom","527",1,1,0,2018
"184","PrepCom","528",1,0,-1,2018
"185","PrepCom","535",0,1,1,2018
"186","PrepCom","537",2,1,-1,2018
"187","PrepCom","544",2,0,-2,2018
"188","PrepCom","546",1,1,0,2018
"189","PrepCom","552",2,0,-2,2018
"190","PrepCom","558",0,2,2,2018
"191","IGC","1",1,0,-1,2021
"192","IGC","4",1,0,-1,2021
"193","IGC","11",0,1,1,2021
"194","IGC","13",0,1,1,2021
"195","IGC","15",3,1,-2,2021
"196","IGC","17",1,1,0,2021
"197","IGC","19",0,1,1,2021
"198","IGC","20",0,1,1,2021
"199","IGC","21",1,1,0,2021
"200","IGC","23",1,0,-1,2021
"201","IGC","24",0,2,2,2021
"202","IGC","25",1,3,2,2021
"203","IGC","26",0,1,1,2021
"204","IGC","28",1,1,0,2021
"205","IGC","29",0,2,2,2021
"206","IGC","31",0,1,1,2021
"207","IGC","32",0,1,1,2021
"208","IGC","35",1,3,2,2021
"209","IGC","36",2,0,-2,2021
"210","IGC","37",2,2,0,2021
"211","IGC","40",0,2,2,2021
"212","IGC","81",0,1,1,2021
"213","IGC","82",1,0,-1,2021
"214","IGC","84",0,1,1,2021
"215","IGC","85",1,0,-1,2021
"216","IGC","87",1,0,-1,2021
"217","IGC","88",1,0,-1,2021
"218","IGC","90",0,1,1,2021
"219","IGC","91",2,0,-2,2021
"220","IGC","93",0,1,1,2021
"221","IGC","94",1,2,1,2021
"222","IGC","95",1,0,-1,2021
"223","IGC","96",0,1,1,2021
"224","IGC","97",0,1,1,2021
"225","IGC","99",2,0,-2,2021
"226","IGC","100",0,1,1,2021
"227","IGC","102",0,1,1,2021
"228","IGC","103",0,4,4,2021
"229","IGC","104",0,2,2,2021
"230","IGC","105",0,1,1,2021
"231","IGC","107",2,1,-1,2021
"232","IGC","108",0,1,1,2021
"233","IGC","112",1,3,2,2021
"234","IGC","113",0,1,1,2021
"235","IGC","114",1,1,0,2021
"236","IGC","115",0,2,2,2021
"237","IGC","116",1,0,-1,2021
"238","IGC","117",1,0,-1,2021
"239","IGC","157",1,0,-1,2021
"240","IGC","158",1,0,-1,2021
"241","IGC","159",1,0,-1,2021
"242","IGC","161",0,2,2,2021
"243","IGC","162",1,1,0,2021
"244","IGC","163",0,1,1,2021
"245","IGC","167",0,1,1,2021
"246","IGC","168",0,2,2,2021
"247","IGC","169",0,1,1,2021
"248","IGC","170",0,2,2,2021
"249","IGC","173",1,0,-1,2021
"250","IGC","174",1,0,-1,2021
"251","IGC","175",1,0,-1,2021
"252","IGC","177",1,0,-1,2021
"253","IGC","179",2,2,0,2021
"254","IGC","180",0,1,1,2021
"255","IGC","181",2,1,-1,2021
"256","IGC","182",0,1,1,2021
"257","IGC","183",0,1,1,2021
"258","IGC","184",0,1,1,2021
"259","IGC","185",1,2,1,2021
"260","IGC","186",0,1,1,2021
"261","IGC","187",2,0,-2,2021
"262","IGC","188",1,0,-1,2021
"263","IGC","189",0,1,1,2021
"264","IGC","190",0,2,2,2021
"265","IGC","229",0,1,1,2021
"266","IGC","232",0,1,1,2021
"267","IGC","236",1,0,-1,2021
"268","IGC","238",0,1,1,2021
"269","IGC","239",0,1,1,2021
"270","IGC","240",1,0,-1,2021
"271","IGC","243",1,2,1,2021
"272","IGC","244",1,1,0,2021
"273","IGC","245",1,1,0,2021
"274","IGC","246",2,1,-1,2021
"275","IGC","247",1,0,-1,2021
"276","IGC","248",2,1,-1,2021
"277","IGC","249",2,1,-1,2021
"278","IGC","251",1,0,-1,2021
"279","IGC","281",2,0,-2,2021
"280","IGC","283",1,0,-1,2021
"281","IGC","290",3,0,-3,2021
"282","IGC","292",1,0,-1,2021
"283","IGC","293",1,1,0,2021
"284","IGC","294",2,0,-2,2021
"285","IGC","297",1,1,0,2021
"286","IGC","298",0,1,1,2021
"287","IGC","299",1,0,-1,2021
"288","IGC","328",0,2,2,2021
"289","IGC","329",0,2,2,2021
"290","IGC","331",0,2,2,2021
"291","IGC","332",1,2,1,2021
"292","IGC","333",0,1,1,2021
"293","IGC","335",0,1,1,2021
"294","IGC","336",0,1,1,2021
"295","IGC","337",1,1,0,2021
"296","IGC","338",1,1,0,2021
"297","IGC","339",1,1,0,2021
"298","IGC","340",1,3,2,2021
"299","IGC","341",1,0,-1,2021
"300","IGC","368",1,1,0,2021
"301","IGC","369",0,1,1,2021
"302","IGC","370",1,0,-1,2021
"303","IGC","371",1,0,-1,2021
"304","IGC","372",0,1,1,2021
"305","IGC","373",1,0,-1,2021
"306","IGC","375",0,1,1,2021
"307","IGC","376",1,1,0,2021
"308","IGC","377",0,1,1,2021
"309","IGC","379",0,3,3,2021
"310","IGC","380",1,1,0,2021
"311","IGC","381",1,0,-1,2021
"312","IGC","404",1,1,0,2021
"313","IGC","405",1,1,0,2021
"314","IGC","406",0,1,1,2021
"315","IGC","407",1,0,-1,2021
"316","IGC","409",1,0,-1,2021
"317","IGC","411",1,1,0,2021
"318","IGC","412",1,0,-1,2021
"319","IGC","413",0,3,3,2021
"320","IGC","414",1,2,1,2021
"321","IGC","415",1,0,-1,2021
"322","IGC","435",1,0,-1,2021
"323","IGC","436",2,0,-2,2021
"324","IGC","438",0,1,1,2021
"325","IGC","439",1,0,-1,2021
"326","IGC","440",1,0,-1,2021
"327","IGC","441",1,0,-1,2021
"328","IGC","442",1,0,-1,2021
"329","IGC","459",0,2,2,2021
"330","IGC","460",1,0,-1,2021
"331","IGC","461",1,0,-1,2021
"332","IGC","463",1,1,0,2021
"333","IGC","464",0,1,1,2021
"334","IGC","466",0,2,2,2021
"335","IGC","481",0,1,1,2021
"336","IGC","482",1,0,-1,2021
"337","IGC","484",0,1,1,2021
"338","IGC","485",1,0,-1,2021
"339","IGC","487",1,1,0,2021
"340","IGC","501",0,1,1,2021
"341","IGC","502",0,3,3,2021
"342","IGC","503",2,1,-1,2021
"343","IGC","504",1,0,-1,2021
"344","IGC","518",0,1,1,2021
"345","IGC","520",1,0,-1,2021
"346","IGC","521",0,1,1,2021
"347","IGC","530",1,2,1,2021
"348","IGC","532",2,0,-2,2021
"349","IGC","540",2,1,-1,2021
"350","IGC","543",0,3,3,2021
"351","IGC","550",2,1,-1,2021
"352","IGC","554",4,2,-2,2021
"353","IGC","556",1,0,-1,2021
"354","IGC","560",0,1,1,2021
"355","IGC","561",1,2,1,2021
"356","IGC","562",1,4,3,2021
"357","IGC","564",0,2,2,2021
"358","IGC","565",1,0,-1,2021
"359","IGC","566",0,2,2,2021
"360","IGC","568",0,1,1,2021
"361","IGC","569",3,0,-3,2021
"362","IGC","570",0,1,1,2021
"363","IGC","572",0,1,1,2021
"364","IGC","573",1,1,0,2021
"365","IGC","574",1,0,-1,2021
"366","IGC","576",0,1,1,2021
"367","IGC","577",3,1,-2,2021
"368","IGC","578",0,1,1,2021
"369","IGC","581",1,2,1,2021
"370","IGC","584",0,1,1,2021
"371","IGC","587",0,1,1,2021
"372","IGC","589",1,0,-1,2021
"373","IGC","590",0,2,2,2021
"374","IGC","591",0,3,3,2021
"375","IGC","592",0,2,2,2021
"376","IGC","593",1,0,-1,2021
"377","IGC","594",0,2,2,2021
"378","IGC","596",0,2,2,2021
"379","IGC","597",1,1,0,2021
"380","IGC","598",1,0,-1,2021
"381","IGC","599",1,0,-1,2021
"382","IGC","600",0,1,1,2021
"383","IGC","601",1,0,-1,2021
"384","IGC","603",0,1,1,2021
"385","IGC","604",1,0,-1,2021
"386","IGC","605",2,1,-1,2021
"387","IGC","606",1,1,0,2021
"388","IGC","607",1,1,0,2021
"389","IGC","608",1,2,1,2021
