PeriodCODE;index_KM;z-score_afinn;z-score_bing;count;mean_score;all_451z-scores
1;71;0.600712521;-0.287034455;2;0.156839033;0.156839033
1;72;;0.467400701;1;;0.467400701
1;75;0.108686373;0.467400701;2;0.288043537;0.288043537
1;77;0.600712521;0.467400701;2;0.534056611;0.534056611
1;78;;0.467400701;1;;0.467400701
1;79;;0.467400701;1;;0.467400701
1;80;0.600712521;0.467400701;2;0.534056611;0.534056611
1;146;;-1.041469612;1;;-1.041469612
1;148;;0.467400701;1;;0.467400701
1;150;;1.221835857;1;;1.221835857
1;151;0.108686373;1.221835857;2;0.665261115;0.665261115
1;152;0.108686373;1.221835857;2;0.665261115;0.665261115
1;153;0.600712521;-1.041469612;2;-0.220378545;-0.220378545
1;154;1.092738669;0.467400701;2;0.780069685;0.780069685
1;156;0.108686373;;1;;0.108686373
1;216;;0.467400701;1;;0.467400701
1;218;;-1.041469612;1;;-1.041469612
1;219;-0.875365923;;1;;-0.875365923
1;220;0.108686373;1.976271013;2;1.042478693;1.042478693
1;221;0.108686373;0.467400701;2;0.288043537;0.288043537
1;222;0.600712521;0.467400701;2;0.534056611;0.534056611
1;223;-0.875365923;-1.041469612;2;-0.958417767;-0.958417767
1;225;0.600712521;1.221835857;2;0.911274189;0.911274189
1;226;;-1.041469612;1;;-1.041469612
1;273;0.600712521;0.467400701;2;0.534056611;0.534056611
1;274;;-1.041469612;1;;-1.041469612
1;275;;1.221835857;1;;1.221835857
1;276;0.108686373;;1;;0.108686373
1;277;0.600712521;0.467400701;2;0.534056611;0.534056611
1;278;0.600712521;0.467400701;2;0.534056611;0.534056611
1;279;0.600712521;1.221835857;2;0.911274189;0.911274189
1;280;0.108686373;-1.795904768;2;-0.843609197;-0.843609197
1;319;-0.875365923;;1;;-0.875365923
1;320;1.092738669;;1;;1.092738669
1;321;0.108686373;-1.041469612;2;-0.466391619;-0.466391619
1;323;0.600712521;0.467400701;2;0.534056611;0.534056611
1;324;0.108686373;;1;;0.108686373
1;325;2.076790966;1.976271013;2;2.02653099;2.02653099
1;326;-0.383339775;-0.287034455;2;-0.335187115;-0.335187115
1;360;;0.467400701;1;;0.467400701
1;363;0.108686373;;1;;0.108686373
1;364;;0.467400701;1;;0.467400701
1;365;1.584764818;0.467400701;2;1.026082759;1.026082759
1;366;-0.875365923;-1.795904768;2;-1.335635346;-1.335635346
1;397;;0.467400701;1;;0.467400701
1;398;0.108686373;1.221835857;2;0.665261115;0.665261115
1;399;0.600712521;1.221835857;2;0.911274189;0.911274189
1;400;0.600712521;;1;;0.600712521
1;401;0.108686373;-1.041469612;2;-0.466391619;-0.466391619
1;402;2.568817114;1.221835857;2;1.895326486;1.895326486
1;430;;0.467400701;1;;0.467400701
1;431;0.600712521;0.467400701;2;0.534056611;0.534056611
1;432;0.108686373;1.976271013;2;1.042478693;1.042478693
1;433;;0.467400701;1;;0.467400701
1;434;1.584764818;3.485141326;2;2.534953072;2.534953072
1;455;0.600712521;0.467400701;2;0.534056611;0.534056611
1;457;0.108686373;0.467400701;2;0.288043537;0.288043537
1;458;0.600712521;0.467400701;2;0.534056611;0.534056611
1;478;0.108686373;;1;;0.108686373
1;480;-1.367392072;-1.041469612;2;-1.204430842;-1.204430842
1;500;-0.875365923;;1;;-0.875365923
1;515;;-1.041469612;1;;-1.041469612
1;516;0.600712521;1.221835857;2;0.911274189;0.911274189
1;517;-1.85941822;0.467400701;2;-0.696008759;-0.696008759
1;529;;0.467400701;1;;0.467400701
1;553;;0.467400701;1;;0.467400701
1;567;0.600712521;0.467400701;2;0.534056611;0.534056611
1;571;0.600712521;-1.041469612;2;-0.220378545;-0.220378545
1;575;-1.367392072;-1.041469612;2;-1.204430842;-1.204430842
1;579;-0.875365923;;1;;-0.875365923
1;582;-0.875365923;-1.041469612;2;-0.958417767;-0.958417767
1;585;0.108686373;;1;;0.108686373
1;588;-1.367392072;-1.041469612;2;-1.204430842;-1.204430842
2;42;0.108686373;0.467400701;2;0.288043537;0.288043537
2;43;2.568817114;-0.287034455;2;1.140891329;1.140891329
2;44;0.108686373;;1;;0.108686373
2;45;0.600712521;0.467400701;2;0.534056611;0.534056611
2;46;0.600712521;-0.287034455;2;0.156839033;0.156839033
2;48;;0.467400701;1;;0.467400701
2;50;-1.367392072;-0.287034455;2;-0.827213263;-0.827213263
2;53;;-1.041469612;1;;-1.041469612
2;54;-1.367392072;-0.287034455;2;-0.827213263;-0.827213263
2;55;;1.221835857;1;;1.221835857
2;56;1.584764818;0.467400701;2;1.026082759;1.026082759
2;62;0.108686373;0.467400701;2;0.288043537;0.288043537
2;63;-0.875365923;-1.795904768;2;-1.335635346;-1.335635346
2;64;0.108686373;0.467400701;2;0.288043537;0.288043537
2;65;1.092738669;0.467400701;2;0.780069685;0.780069685
2;66;1.092738669;;1;;1.092738669
2;67;1.584764818;1.221835857;2;1.403300337;1.403300337
2;119;;0.467400701;1;;0.467400701
2;121;0.108686373;;1;;0.108686373
2;122;0.108686373;0.467400701;2;0.288043537;0.288043537
2;123;0.108686373;;1;;0.108686373
2;124;-0.383339775;-1.041469612;2;-0.712404693;-0.712404693
2;127;0.600712521;1.221835857;2;0.911274189;0.911274189
2;129;0.108686373;;1;;0.108686373
2;130;;-1.041469612;1;;-1.041469612
2;132;-0.875365923;-1.041469612;2;-0.958417767;-0.958417767
2;133;;0.467400701;1;;0.467400701
2;135;-1.367392072;-1.795904768;2;-1.58164842;-1.58164842
2;137;;0.467400701;1;;0.467400701
2;138;0.108686373;0.467400701;2;0.288043537;0.288043537
2;139;1.584764818;3.485141326;2;2.534953072;2.534953072
2;140;;0.467400701;1;;0.467400701
2;142;0.600712521;0.467400701;2;0.534056611;0.534056611
2;143;0.600712521;0.467400701;2;0.534056611;0.534056611
2;144;-0.875365923;-1.041469612;2;-0.958417767;-0.958417767
2;191;1.092738669;1.221835857;2;1.157287263;1.157287263
2;193;;0.467400701;1;;0.467400701
2;194;0.600712521;0.467400701;2;0.534056611;0.534056611
2;195;1.092738669;0.467400701;2;0.780069685;0.780069685
2;196;;-1.041469612;1;;-1.041469612
2;197;-1.367392072;-0.287034455;2;-0.827213263;-0.827213263
2;198;-0.383339775;;1;;-0.383339775
2;199;0.600712521;-0.287034455;2;0.156839033;0.156839033
2;200;;-1.795904768;1;;-1.795904768
2;201;0.108686373;1.221835857;2;0.665261115;0.665261115
2;203;0.108686373;;1;;0.108686373
2;204;-1.85941822;-1.795904768;2;-1.827661494;-1.827661494
2;205;;1.221835857;1;;1.221835857
2;206;;1.221835857;1;;1.221835857
2;207;;0.467400701;1;;0.467400701
2;208;;1.221835857;1;;1.221835857
2;210;1.092738669;0.467400701;2;0.780069685;0.780069685
2;211;-0.383339775;-1.795904768;2;-1.089622271;-1.089622271
2;213;0.600712521;0.467400701;2;0.534056611;0.534056611
2;214;0.108686373;-1.041469612;2;-0.466391619;-0.466391619
2;215;0.600712521;-0.287034455;2;0.156839033;0.156839033
2;253;;0.467400701;1;;0.467400701
2;254;;0.467400701;1;;0.467400701
2;255;1.092738669;0.467400701;2;0.780069685;0.780069685
2;256;;0.467400701;1;;0.467400701
2;257;0.108686373;;1;;0.108686373
2;259;0.600712521;1.221835857;2;0.911274189;0.911274189
2;262;;0.467400701;1;;0.467400701
2;263;0.600712521;0.467400701;2;0.534056611;0.534056611
2;265;0.600712521;;1;;0.600712521
2;266;0.108686373;;1;;0.108686373
2;268;;-0.287034455;1;;-0.287034455
2;269;0.600712521;;1;;0.600712521
2;270;-0.383339775;-0.287034455;2;-0.335187115;-0.335187115
2;271;0.108686373;0.467400701;2;0.288043537;0.288043537
2;272;-0.383339775;-1.041469612;2;-0.712404693;-0.712404693
2;301;0.600712521;0.467400701;2;0.534056611;0.534056611
2;302;-0.875365923;-0.287034455;2;-0.581200189;-0.581200189
2;304;1.584764818;1.221835857;2;1.403300337;1.403300337
2;305;-0.383339775;-0.287034455;2;-0.335187115;-0.335187115
2;307;;0.467400701;1;;0.467400701
2;310;0.108686373;;1;;0.108686373
2;314;;-1.041469612;1;;-1.041469612
2;315;1.584764818;;1;;1.584764818
2;316;;0.467400701;1;;0.467400701
2;317;0.600712521;0.467400701;2;0.534056611;0.534056611
2;318;;1.221835857;1;;1.221835857
2;345;-1.367392072;-1.041469612;2;-1.204430842;-1.204430842
2;346;0.600712521;-0.287034455;2;0.156839033;0.156839033
2;347;-1.367392072;-1.795904768;2;-1.58164842;-1.58164842
2;348;0.600712521;0.467400701;2;0.534056611;0.534056611
2;349;0.600712521;0.467400701;2;0.534056611;0.534056611
2;351;-0.383339775;-0.287034455;2;-0.335187115;-0.335187115
2;352;1.092738669;;1;;1.092738669
2;353;0.600712521;1.221835857;2;0.911274189;0.911274189
2;355;;0.467400701;1;;0.467400701
2;357;0.108686373;;1;;0.108686373
2;359;0.600712521;1.221835857;2;0.911274189;0.911274189
2;383;;-1.041469612;1;;-1.041469612
2;384;0.600712521;-0.287034455;2;0.156839033;0.156839033
2;385;2.568817114;1.221835857;2;1.895326486;1.895326486
2;386;-1.367392072;-1.041469612;2;-1.204430842;-1.204430842
2;387;-0.383339775;-0.287034455;2;-0.335187115;-0.335187115
2;390;0.108686373;;1;;0.108686373
2;391;-1.367392072;-0.287034455;2;-0.827213263;-0.827213263
2;393;;1.221835857;1;;1.221835857
2;394;0.600712521;0.467400701;2;0.534056611;0.534056611
2;395;0.600712521;0.467400701;2;0.534056611;0.534056611
2;396;-1.85941822;-1.041469612;2;-1.450443916;-1.450443916
2;416;0.108686373;-0.287034455;2;-0.089174041;-0.089174041
2;417;;0.467400701;1;;0.467400701
2;418;0.600712521;;1;;0.600712521
2;419;-1.367392072;-1.795904768;2;-1.58164842;-1.58164842
2;420;0.600712521;1.976271013;2;1.288491767;1.288491767
2;423;;1.221835857;1;;1.221835857
2;426;0.108686373;-1.041469612;2;-0.466391619;-0.466391619
2;427;0.600712521;0.467400701;2;0.534056611;0.534056611
2;429;-1.367392072;;1;;-1.367392072
2;444;0.600712521;1.221835857;2;0.911274189;0.911274189
2;445;;-1.041469612;1;;-1.041469612
2;446;0.600712521;0.467400701;2;0.534056611;0.534056611
2;447;0.108686373;;1;;0.108686373
2;448;;0.467400701;1;;0.467400701
2;449;1.584764818;1.221835857;2;1.403300337;1.403300337
2;450;0.600712521;0.467400701;2;0.534056611;0.534056611
2;451;;0.467400701;1;;0.467400701
2;452;0.108686373;0.467400701;2;0.288043537;0.288043537
2;453;1.092738669;0.467400701;2;0.780069685;0.780069685
2;454;0.108686373;;1;;0.108686373
2;468;-1.367392072;-0.287034455;2;-0.827213263;-0.827213263
2;469;-1.85941822;-1.041469612;2;-1.450443916;-1.450443916
2;470;0.600712521;0.467400701;2;0.534056611;0.534056611
2;471;-0.875365923;-1.041469612;2;-0.958417767;-0.958417767
2;473;0.600712521;-0.287034455;2;0.156839033;0.156839033
2;474;-0.383339775;-1.041469612;2;-0.712404693;-0.712404693
2;475;0.600712521;;1;;0.600712521
2;476;;0.467400701;1;;0.467400701
2;491;0.108686373;-1.041469612;2;-0.466391619;-0.466391619
2;492;-1.367392072;-1.795904768;2;-1.58164842;-1.58164842
2;493;0.600712521;;1;;0.600712521
2;495;0.108686373;;1;;0.108686373
2;496;0.600712521;1.976271013;2;1.288491767;1.288491767
2;497;-0.875365923;;1;;-0.875365923
2;506;;1.221835857;1;;1.221835857
2;507;-1.85941822;-1.041469612;2;-1.450443916;-1.450443916
2;508;-0.875365923;-1.041469612;2;-0.958417767;-0.958417767
2;513;1.092738669;0.467400701;2;0.780069685;0.780069685
2;514;-0.875365923;-1.041469612;2;-0.958417767;-0.958417767
2;522;0.108686373;0.467400701;2;0.288043537;0.288043537
2;524;;0.467400701;1;;0.467400701
2;525;-0.383339775;;1;;-0.383339775
2;527;-1.367392072;-0.287034455;2;-0.827213263;-0.827213263
2;528;-1.367392072;-1.041469612;2;-1.204430842;-1.204430842
2;535;;0.467400701;1;;0.467400701
2;537;-0.383339775;-1.041469612;2;-0.712404693;-0.712404693
2;538;0.600712521;;1;;0.600712521
2;544;-0.383339775;-1.795904768;2;-1.089622271;-1.089622271
2;546;-0.875365923;-0.287034455;2;-0.581200189;-0.581200189
2;552;;-1.795904768;1;;-1.795904768
2;558;1.092738669;1.221835857;2;1.157287263;1.157287263
3;1;-0.875365923;-1.041469612;2;-0.958417767;-0.958417767
3;3;0.108686373;;1;;0.108686373
3;4;;-1.041469612;1;;-1.041469612
3;6;0.600712521;;1;;0.600712521
3;11;0.600712521;0.467400701;2;0.534056611;0.534056611
3;13;0.108686373;0.467400701;2;0.288043537;0.288043537
3;14;0.108686373;;1;;0.108686373
3;15;0.600712521;-1.795904768;2;-0.597596123;-0.597596123
3;17;0.600712521;-0.287034455;2;0.156839033;0.156839033
3;19;;0.467400701;1;;0.467400701
3;20;0.108686373;0.467400701;2;0.288043537;0.288043537
3;21;0.600712521;-0.287034455;2;0.156839033;0.156839033
3;23;-0.383339775;-1.041469612;2;-0.712404693;-0.712404693
3;24;1.584764818;1.221835857;2;1.403300337;1.403300337
3;25;;1.221835857;1;;1.221835857
3;26;0.600712521;0.467400701;2;0.534056611;0.534056611
3;28;-1.367392072;-0.287034455;2;-0.827213263;-0.827213263
3;29;1.092738669;1.221835857;2;1.157287263;1.157287263
3;30;-0.875365923;;1;;-0.875365923
3;31;0.600712521;0.467400701;2;0.534056611;0.534056611
3;32;1.584764818;0.467400701;2;1.026082759;1.026082759
3;34;0.108686373;;1;;0.108686373
3;35;-0.875365923;1.221835857;2;0.173234967;0.173234967
3;36;-0.875365923;-1.795904768;2;-1.335635346;-1.335635346
3;37;-0.383339775;-0.287034455;2;-0.335187115;-0.335187115
3;40;;1.221835857;1;;1.221835857
3;81;;0.467400701;1;;0.467400701
3;82;;-1.041469612;1;;-1.041469612
3;84;0.600712521;0.467400701;2;0.534056611;0.534056611
3;85;-1.367392072;-1.041469612;2;-1.204430842;-1.204430842
3;87;;-1.041469612;1;;-1.041469612
3;88;-1.367392072;-1.041469612;2;-1.204430842;-1.204430842
3;90;0.108686373;0.467400701;2;0.288043537;0.288043537
3;91;-1.367392072;-1.795904768;2;-1.58164842;-1.58164842
3;93;;0.467400701;1;;0.467400701
3;94;1.092738669;0.467400701;2;0.780069685;0.780069685
3;95;0.108686373;-1.041469612;2;-0.466391619;-0.466391619
3;96;0.600712521;0.467400701;2;0.534056611;0.534056611
3;97;0.600712521;0.467400701;2;0.534056611;0.534056611
3;99;-1.367392072;-1.795904768;2;-1.58164842;-1.58164842
3;100;;0.467400701;1;;0.467400701
3;102;;0.467400701;1;;0.467400701
3;103;1.584764818;2.73070617;2;2.157735494;2.157735494
3;104;3.060843262;1.221835857;2;2.14133956;2.14133956
3;105;;0.467400701;1;;0.467400701
3;107;-1.367392072;-1.041469612;2;-1.204430842;-1.204430842
3;108;;0.467400701;1;;0.467400701
3;112;-0.383339775;1.221835857;2;0.419248041;0.419248041
3;113;;0.467400701;1;;0.467400701
3;114;0.108686373;-0.287034455;2;-0.089174041;-0.089174041
3;115;;1.221835857;1;;1.221835857
3;116;-1.367392072;-1.041469612;2;-1.204430842;-1.204430842
3;117;-0.875365923;-1.041469612;2;-0.958417767;-0.958417767
3;157;-0.875365923;-1.041469612;2;-0.958417767;-0.958417767
3;158;;-1.041469612;1;;-1.041469612
3;159;;-1.041469612;1;;-1.041469612
3;160;0.600712521;;1;;0.600712521
3;161;;1.221835857;1;;1.221835857
3;162;-1.367392072;-0.287034455;2;-0.827213263;-0.827213263
3;163;0.108686373;0.467400701;2;0.288043537;0.288043537
3;166;0.108686373;;1;;0.108686373
3;167;-0.875365923;0.467400701;2;-0.203982611;-0.203982611
3;168;;1.221835857;1;;1.221835857
3;169;1.092738669;0.467400701;2;0.780069685;0.780069685
3;170;;1.221835857;1;;1.221835857
3;171;0.108686373;;1;;0.108686373
3;172;-1.367392072;;1;;-1.367392072
3;173;;-1.041469612;1;;-1.041469612
3;174;-0.875365923;-1.041469612;2;-0.958417767;-0.958417767
3;175;-1.367392072;-1.041469612;2;-1.204430842;-1.204430842
3;176;1.092738669;;1;;1.092738669
3;177;-1.367392072;-1.041469612;2;-1.204430842;-1.204430842
3;178;0.108686373;;1;;0.108686373
3;179;0.108686373;-0.287034455;2;-0.089174041;-0.089174041
3;180;;0.467400701;1;;0.467400701
3;181;-1.367392072;-1.041469612;2;-1.204430842;-1.204430842
3;182;0.108686373;0.467400701;2;0.288043537;0.288043537
3;183;1.092738669;0.467400701;2;0.780069685;0.780069685
3;184;;0.467400701;1;;0.467400701
3;185;1.584764818;0.467400701;2;1.026082759;1.026082759
3;186;0.600712521;0.467400701;2;0.534056611;0.534056611
3;187;-0.875365923;-1.795904768;2;-1.335635346;-1.335635346
3;188;;-1.041469612;1;;-1.041469612
3;189;1.092738669;0.467400701;2;0.780069685;0.780069685
3;190;1.092738669;1.221835857;2;1.157287263;1.157287263
3;228;0.108686373;;1;;0.108686373
3;229;0.108686373;0.467400701;2;0.288043537;0.288043537
3;231;0.108686373;;1;;0.108686373
3;232;;0.467400701;1;;0.467400701
3;234;-0.875365923;;1;;-0.875365923
3;236;0.108686373;-1.041469612;2;-0.466391619;-0.466391619
3;238;;0.467400701;1;;0.467400701
3;239;0.600712521;0.467400701;2;0.534056611;0.534056611
3;240;;-1.041469612;1;;-1.041469612
3;243;1.584764818;0.467400701;2;1.026082759;1.026082759
3;244;-0.875365923;-0.287034455;2;-0.581200189;-0.581200189
3;245;-0.383339775;-0.287034455;2;-0.335187115;-0.335187115
3;246;-0.875365923;-1.041469612;2;-0.958417767;-0.958417767
3;247;;-1.041469612;1;;-1.041469612
3;248;-1.367392072;-1.041469612;2;-1.204430842;-1.204430842
3;249;-0.875365923;-1.041469612;2;-0.958417767;-0.958417767
3;250;0.108686373;;1;;0.108686373
3;251;;-1.041469612;1;;-1.041469612
3;281;-1.367392072;-1.795904768;2;-1.58164842;-1.58164842
3;282;1.092738669;;1;;1.092738669
3;283;-1.367392072;-1.041469612;2;-1.204430842;-1.204430842
3;289;0.600712521;;1;;0.600712521
3;290;-1.367392072;-2.550339924;2;-1.958865998;-1.958865998
3;292;;-1.041469612;1;;-1.041469612
3;293;-0.383339775;-0.287034455;2;-0.335187115;-0.335187115
3;294;-1.85941822;-1.795904768;2;-1.827661494;-1.827661494
3;297;-1.367392072;-0.287034455;2;-0.827213263;-0.827213263
3;298;1.092738669;0.467400701;2;0.780069685;0.780069685
3;299;-0.875365923;-1.041469612;2;-0.958417767;-0.958417767
3;328;;1.221835857;1;;1.221835857
3;329;;1.221835857;1;;1.221835857
3;331;2.568817114;1.221835857;2;1.895326486;1.895326486
3;332;1.584764818;0.467400701;2;1.026082759;1.026082759
3;333;0.600712521;0.467400701;2;0.534056611;0.534056611
3;335;;0.467400701;1;;0.467400701
3;336;;0.467400701;1;;0.467400701
3;337;-1.85941822;-0.287034455;2;-1.073226338;-1.073226338
3;338;0.600712521;-0.287034455;2;0.156839033;0.156839033
3;339;0.108686373;-0.287034455;2;-0.089174041;-0.089174041
3;340;1.092738669;1.221835857;2;1.157287263;1.157287263
3;341;;-1.041469612;1;;-1.041469612
3;368;-0.875365923;-0.287034455;2;-0.581200189;-0.581200189
3;369;;0.467400701;1;;0.467400701
3;370;;-1.041469612;1;;-1.041469612
3;371;-1.85941822;-1.041469612;2;-1.450443916;-1.450443916
3;372;0.600712521;0.467400701;2;0.534056611;0.534056611
3;373;;-1.041469612;1;;-1.041469612
3;375;0.600712521;0.467400701;2;0.534056611;0.534056611
3;376;1.092738669;-0.287034455;2;0.402852107;0.402852107
3;377;;0.467400701;1;;0.467400701
3;379;0.600712521;1.976271013;2;1.288491767;1.288491767
3;380;0.600712521;-0.287034455;2;0.156839033;0.156839033
3;381;-1.367392072;-1.041469612;2;-1.204430842;-1.204430842
3;404;-0.875365923;-0.287034455;2;-0.581200189;-0.581200189
3;405;-0.383339775;-0.287034455;2;-0.335187115;-0.335187115
3;406;;0.467400701;1;;0.467400701
3;407;-1.367392072;-1.041469612;2;-1.204430842;-1.204430842
3;409;;-1.041469612;1;;-1.041469612
3;411;1.092738669;-0.287034455;2;0.402852107;0.402852107
3;412;-0.875365923;-1.041469612;2;-0.958417767;-0.958417767
3;413;1.584764818;1.976271013;2;1.780517915;1.780517915
3;414;0.108686373;0.467400701;2;0.288043537;0.288043537
3;415;-0.875365923;-1.041469612;2;-0.958417767;-0.958417767
3;435;;-1.041469612;1;;-1.041469612
3;436;-1.367392072;-1.795904768;2;-1.58164842;-1.58164842
3;437;0.108686373;;1;;0.108686373
3;438;;0.467400701;1;;0.467400701
3;439;0.108686373;-1.041469612;2;-0.466391619;-0.466391619
3;440;-1.367392072;-1.041469612;2;-1.204430842;-1.204430842
3;441;0.108686373;-1.041469612;2;-0.466391619;-0.466391619
3;442;-1.367392072;-1.041469612;2;-1.204430842;-1.204430842
3;459;0.600712521;1.221835857;2;0.911274189;0.911274189
3;460;;-1.041469612;1;;-1.041469612
3;461;;-1.041469612;1;;-1.041469612
3;463;-0.875365923;-0.287034455;2;-0.581200189;-0.581200189
3;464;1.092738669;0.467400701;2;0.780069685;0.780069685
3;466;0.108686373;1.221835857;2;0.665261115;0.665261115
3;481;;0.467400701;1;;0.467400701
3;482;;-1.041469612;1;;-1.041469612
3;484;0.600712521;0.467400701;2;0.534056611;0.534056611
3;485;-1.367392072;-1.041469612;2;-1.204430842;-1.204430842
3;487;;-0.287034455;1;;-0.287034455
3;501;;0.467400701;1;;0.467400701
3;502;2.076790966;1.976271013;2;2.02653099;2.02653099
3;503;-1.85941822;-1.041469612;2;-1.450443916;-1.450443916
3;504;-0.875365923;-1.041469612;2;-0.958417767;-0.958417767
3;518;0.108686373;0.467400701;2;0.288043537;0.288043537
3;520;;-1.041469612;1;;-1.041469612
3;521;;0.467400701;1;;0.467400701
3;530;0.108686373;0.467400701;2;0.288043537;0.288043537
3;532;-2.351444368;-1.795904768;2;-2.073674568;-2.073674568
3;540;-0.875365923;-1.041469612;2;-0.958417767;-0.958417767
3;541;0.108686373;;1;;0.108686373
3;543;0.600712521;1.976271013;2;1.288491767;1.288491767
3;550;;-1.041469612;1;;-1.041469612
3;554;-3.335496664;-1.795904768;2;-2.565700716;-2.565700716
3;555;0.600712521;;1;;0.600712521
3;556;;-1.041469612;1;;-1.041469612
3;557;0.108686373;;1;;0.108686373
3;560;0.108686373;0.467400701;2;0.288043537;0.288043537
3;561;0.600712521;0.467400701;2;0.534056611;0.534056611
3;562;0.108686373;1.976271013;2;1.042478693;1.042478693
3;564;0.108686373;1.221835857;2;0.665261115;0.665261115
3;565;-1.85941822;-1.041469612;2;-1.450443916;-1.450443916
3;566;2.568817114;1.221835857;2;1.895326486;1.895326486
3;568;0.600712521;0.467400701;2;0.534056611;0.534056611
3;569;-2.351444368;-2.550339924;2;-2.450892146;-2.450892146
3;570;0.108686373;0.467400701;2;0.288043537;0.288043537
3;572;;0.467400701;1;;0.467400701
3;573;-1.85941822;-0.287034455;2;-1.073226338;-1.073226338
3;574;-1.367392072;-1.041469612;2;-1.204430842;-1.204430842
3;576;;0.467400701;1;;0.467400701
3;577;-2.351444368;-1.795904768;2;-2.073674568;-2.073674568
3;578;;0.467400701;1;;0.467400701
3;581;0.600712521;0.467400701;2;0.534056611;0.534056611
3;583;0.600712521;;1;;0.600712521
3;584;0.600712521;0.467400701;2;0.534056611;0.534056611
3;587;0.108686373;0.467400701;2;0.288043537;0.288043537
3;589;-1.367392072;-1.041469612;2;-1.204430842;-1.204430842
3;590;0.108686373;1.221835857;2;0.665261115;0.665261115
3;591;0.108686373;1.976271013;2;1.042478693;1.042478693
3;592;0.108686373;1.221835857;2;0.665261115;0.665261115
3;593;;-1.041469612;1;;-1.041469612
3;594;0.108686373;1.221835857;2;0.665261115;0.665261115
3;595;0.108686373;;1;;0.108686373
3;596;1.092738669;1.221835857;2;1.157287263;1.157287263
3;597;-0.875365923;-0.287034455;2;-0.581200189;-0.581200189
3;598;;-1.041469612;1;;-1.041469612
3;599;;-1.041469612;1;;-1.041469612
3;600;0.600712521;0.467400701;2;0.534056611;0.534056611
3;601;;-1.041469612;1;;-1.041469612
3;602;-1.367392072;;1;;-1.367392072
3;603;1.092738669;0.467400701;2;0.780069685;0.780069685
3;604;;-1.041469612;1;;-1.041469612
3;605;-1.367392072;-1.041469612;2;-1.204430842;-1.204430842
3;606;0.108686373;-0.287034455;2;-0.089174041;-0.089174041
3;607;0.108686373;-0.287034455;2;-0.089174041;-0.089174041
3;608;-1.367392072;0.467400701;2;-0.449995685;-0.449995685